Index,ID,Vertical,Nom,Champs,Nb Submissions,URL
0,64710,spie-act-transport,DOTM - CD26 - Astreinte - Alarme,"['Alarme présente sur la GTC', 'Horodate :', 'Libellé :', 'Etat :']",57,https://scn-hub-digital.daxium-air.com/spie-act-transport/submissions/64710/table
1,65123,spie-act-transport,DOTM - CD26 - Astreinte - Fin intervention,"[""Rapport d'activité"", ""Description de l'intervention"", 'Photos', ""Etat de l'installation au départ du site"", ""Vérification préalable de l'ensemble des vues GTC"", ""Démasquage des alarmes masquées durant l'intervention"", 'Vérification du bon fonctionnement ALERT', 'Des inhibitions de ALERT avant départ ?', 'Vérification de la stabilité du système pendant au moins 15 min', 'Heure de départ', 'Signature', 'Identifiant SIEBEL', 'Intervenant', 'Téléphone']",37,https://scn-hub-digital.daxium-air.com/spie-act-transport/submissions/65123/table
2,65121,spie-act-transport,DOTM - CD26 - Astreinte,"[""Rapport d'astreinte"", 'Intervenant', 'Téléphone', ""Prendre en compte l'astreinte"", ""Commencer l'astreinte"", ""Terminer l'intervention"", 'Identifiant SIEBEL', 'Site']",41,https://scn-hub-digital.daxium-air.com/spie-act-transport/submissions/65121/table
3,65122,spie-act-transport,DOTM - CD26 - Astreinte - En cours,"['Intervention en cours', ""Heure d'arrivée"", ""Etat de l'installation à l'arrivée sur site"", ""Précisez les alarmes présentes ou le cas échéant les alarmes ayant causé le déclenchement de l'intervention."", 'Détail des alarmes', 'Identifiant SIEBEL', 'Intervenant', 'Téléphone', 'Site']",40,https://scn-hub-digital.daxium-air.com/spie-act-transport/submissions/65122/table
4,64707,spie-act-transport,DOTM - CD26 - Astreinte - Prise en compte,"[""Prise en compte de l'astreinte"", 'N° astreinte SIEBEL :', 'Site :', 'Intervenant', 'Téléphone']",76,https://scn-hub-digital.daxium-air.com/spie-act-transport/submissions/64707/table
5,6811,spie-act-telecom,Z-Inactif-DOTE - TDF - Elec_Spie,"['Accés 4X4 ou spécifique', ""Type de Clefs \\/ Moyen d'accès pour l'opération ( Castel, Clef, ...)"", 'Commentaires Accès', 'Outillage Spécifique à Prévoir', 'Commentaires Outillage', 'Coffret à Installer', 'Typologie Coffret', 'Commentaires Coffret à Installer (Nb disjoncteurs, ...)', 'Présence FM', 'Travaux HNO', 'Commentaires Travaux', 'Photos Travaux']",35,https://scn-hub-digital.daxium-air.com/spie-act-telecom/submissions/6811/table
6,17301,spie-act-infra,DOSO - AFF_Opportunités,"['Affaire', 'Catégorie', ""Description de l'opportunité"", 'Avancement', 'Action à mener', 'Valorisation (k€)', 'Pondération', 'Valorisation pondérée (k€)']",13,https://scn-hub-digital.daxium-air.com/spie-act-infra/submissions/17301/table
7,17300,spie-act-infra,DOSO - AFF_Risques,"['Affaire', 'Catégorie', 'Description du risque', 'Avancement', 'Action à mener', 'Valorisation (k€)', 'Pondération', 'Valorisation pondérée (k€)']",22,https://scn-hub-digital.daxium-air.com/spie-act-infra/submissions/17300/table
8,52308,spie-act-telecom,Z-Inactif-DOTO_EXAMEN ADEQUATION MATERIEL,"['Affaire :', 'Date :', 'Prestation :', ""Type d'engin"", 'CACES correspondant :', 'Est ce que Le poids total maximal à lever  est déterminé ?', 'Poids (tonnes)', 'Est ce que La longueur maximale de la flèche est déterminée?', 'Longueur (mètres)', 'Adéquation poids \\/ longueur avec les abaques', 'Opérateurs :', 'Opérateur 1 :', 'Opérateur 2 :', 'Opérateur 3 :', 'Opérateur 4 :', 'Validation des compétences et habilitations des opérateurs', 'Autorisation de conduite :', ""Interdiction d'utiliser l'engin"", 'Utilisateur expérimenté :', 'A positionner sur un chantier facile', 'Difficulté de la tache :', 'Contacter service MOYEN \\/ QSE', 'ENVIRONNEMENT AU SOL', 'Nature de sol pour calage', 'Route', 'Bon\\/Mauvais état', 'Route', 'Autre :', 'Accotement', 'Bon\\/Mauvais état', 'Accotement', 'Autre :', 'Trottoir', 'Bon\\/Mauvais état', 'Trottoir', 'Autre :', 'champ', 'Bon\\/Mauvais état', 'Champ', 'Autre :', 'Autre', 'Autre :', 'Dénivelé', ""Risque de retournement de l'engin"", 'Hydrographie du terrain', 'Risque de terrain meuble', 'Accès au chantier', ""Renversement de l'engin"", 'Encombrement au sol', 'Autre :', 'ENVIRONNEMENT AÉRIEN', 'Encombrement aérien', 'Autre :']",1,https://scn-hub-digital.daxium-air.com/spie-act-telecom/submissions/52308/table
9,80094,spie-act-infra,DOSO - ENEDIS - B2000 - Photos,"[""N° d'affaire ENEDIS"", 'Périmètre', 'Photos marquage piquetage', 'Photos Compteur', 'Photos Disjoncteur', 'Photos Fin de chantier', 'Spie \\/ External \\/ Stt', 'Searchlist', 'DR', 'AG', 'SE', 'Email envoi photos']",10,https://scn-hub-digital.daxium-air.com/spie-act-infra/submissions/80094/table
10,71582,spie-act-telecom,Z-Inactif-DOTO - ORF-MNT CRMU + LRE 2019-ANOMALIES,"['Anomalie', ""Veuillez renseigner la catégorie de l'anomalie"", 'Photo', 'Action', 'NIDT', 'Nom du Site', 'Code GEO', ""Date d'intervention""]",26260,https://scn-hub-digital.daxium-air.com/spie-act-telecom/submissions/71582/table
11,80163,spie-act-telecom,DOTE-ORF-VQSE - BL,"['Aérien', 'Aéro sout', 'Enterré', 'Sout', 'Type', 'BOÎTIERS DE PROTECTION', 'ABSENCE DE LA MAJORITÉ DES PARASURTENSEURS', 'Photo :', 'Commentaire :', 'ABSENCE DE QUELQUES PARASURTENSEURS', 'Photo :', 'Commentaire :', 'CÂBLAGE (PEIGNES + FRETTES)', 'Photo :', 'Commentaire :', 'ÉTIQUETAGE CÂBLE', 'Photo :', 'Commentaire :', 'ÉTIQUETAGE CÂBLE DE TERRE', 'Photo :', 'Commentaire :', 'MESURE DE TERRE EXISTANTE', 'Photo :', 'Commentaire :', 'POSE DE BOÎTE (BPE) RP', 'Photo :', 'Commentaire :', 'POSE DE SERRURE', 'Photo :', 'Commentaire :', 'REALISATION OU RACCORDEMENT PRISE DE TERRE', 'Photo :', 'Commentaire :', 'CONCORDANCE TERRAIN', 'REMONTEE DES ANOMALIES', 'Photo :', 'Commentaire :', 'RESPECT DES CONSTITUTIONS', 'Photo :', 'Commentaire :', 'DÉPOSE DE CÂBLES', 'DÉPOSE ARMEMENT', 'Photo :', 'Commentaire :', 'DÉPOSE SIMPLE', 'Photo :', 'Commentaire :', 'DÉPOSE SOIGNÉE AVEC MISE EN PRESSION', 'Photo :', 'Commentaire :', 'TRONÇONNAGE DU CABLE', 'Photo :', 'Commentaire :', 'DISTANCES RÉGLEMENTAIRES', 'DISTANCE CÂBLES EDF', 'Photo :', 'Commentaire :', 'DIVERS', 'NON RÉPERTORIÉ < 100 €', 'Photo :', 'Commentaire :', 'NON RÉPERTORIÉ > 1000 €', 'Photo :', 'Commentaire :', 'NON RÉPERTORIÉ ENTRE 100 ET 500 €', 'Photo :', 'Commentaire :', 'NON RÉPERTORIÉ ENTRE 500 ET 1000 €', 'Photo :', 'Commentaire :', ""DOCUMENTS NÉCESSAIRES À L'INTERVENTION"", 'ORDRES DE TRAVAUX ET DOC', 'Photo :', 'Commentaire :', 'ESSAIS ET MESURES', 'RESPECT DES MESURES ELECTRIQUES', 'Photo :', 'Commentaire :', 'LOCALISATION', 'ATTEINTE DU RÉSULTAT', 'Photo :', 'Commentaire :', 'DELTA FINANCIER DE LOCALISATION  < 100 €', 'Photo :', 'Commentaire :', 'DELTA FINANCIER DE LOCALISATION > 1 000 €', 'Photo :', 'Commentaire :', 'DELTA FINANCIER LOCALISATION ENTRE 100 ET 500 €', 'Photo :', 'Commentaire :', 'DELTA FINANCIER LOCALISATION ENTRE 500 ET 1000 €', 'Photo :', 'Commentaire :', 'POINT DE DISTRIBUTION', 'CÂBLAGE DU PC', 'Photo :', 'Commentaire :', ""CONTINUITÉ DU FIL D'ÉCRAN À LA TERRE"", 'Photo :', 'Commentaire :', 'COURCIRCUITAGE MODULE AVEC OU SANS PARASURTENSEUR', 'Photo :', 'Commentaire :', 'ÉTIQUETAGE PC', 'Photo :', 'Commentaire :', 'POSE DE LA SERRURE', 'Photo :', 'Commentaire :', 'POSE DE LA SERRURE DU PC', 'Photo :', 'Commentaire :', 'POSE DU POINT DE DISTRIBUTION', 'Photo :', 'Commentaire :', 'SECURISATION DES PC, PDI ET BORNES EXISTANTES', 'Photo :', 'Commentaire :', 'POSE DE CÂBLES', 'ABSENCE DE FROTTEMENTS', 'Photo :', 'Commentaire :', 'CAPOTAGE DES EXTRÉMITÉS', 'Photo :', 'Commentaire :', 'CONFORMITÉ DES TRAVAUX EN FAÇADE OU IMMEUBLE', 'Photo :', 'Commentaire :', 'CONTINUITÉ DE PORTEUR', 'Photo :', 'Commentaire :', ""ÉTAT DE L'ENVELOPPE DU CÂBLE"", 'Photo :', 'Commentaire :', 'ÉTIQUETAGE DU CÂBLE', 'Photo :', 'Commentaire :', 'FIXATION', 'Photo :', 'Commentaire :', 'FIXATION GAINES', 'Photo :', 'Commentaire :', 'MISE À LA TERRE DU PORTEUR', 'Photo :', 'Commentaire :', 'MOYENS DE TIRAGE MIS EN OEUVRE', 'Photo :', 'Commentaire :', 'POSE DU CÂBLE AÉRIEN', 'Photo :', 'Commentaire :', 'SENS DE TIRAGE', 'Photo :', 'Commentaire :', ""POSE ET DÉPOSE D'APPUIS"", 'ADÉQUATION APPUIS Y COMPRIS T10', 'Photo :', 'Commentaire :', 'CALAGE DAMAGE À LA PERCHE CRAVATE', 'Photo :', 'Commentaire :', 'DÉPOSE ANCRAGE \\/ HAUBAN', 'Photo :', 'Commentaire :', ""DÉPOSE D'APPUIS"", 'Photo :', 'Commentaire :', 'ÉTIQUETTE POTEAU', 'Photo :', 'Commentaire :', 'POSE \\/ ORIENTATION ARMEMENT', 'Photo :', 'Commentaire :', 'POSE HAUBAN', 'Photo :', 'Commentaire :', 'POTEAU MÉTALLIQUE SOUS ARTÈRE ÉLECTRIQUE', 'Photo :', 'Commentaire :', 'REFECTION DE SURFACE', 'Photo :', 'Commentaire :', 'SOUS PROFONDEUR > 10 CM', 'Photo :', 'Commentaire :', 'SUR PROFONDEUR > 10 CM', 'Photo :', 'Commentaire :', 'VERTICALITÉ DES APPUIS', 'Photo :', 'Commentaire :', 'TEST PAR ARRACHAGE', 'Photo :', 'Commentaire :', 'RACCORDEMENT', ""CONTINUITÉ D'ÉCRAN"", 'Photo :', 'Commentaire :', 'CONTINUITÉ ÉLECTRIQUE 56 A 224 PAIRES (OUVERT, INVERTION, ...)', 'Photo :', 'Commentaire :', ""CONTINUITÉ ÉLECTRIQUE JUSQU'A 28 PAIRES (OUVERT, INVERTION, ...)"", 'Photo :', 'Commentaire :', 'ETIQUETAGE EPISSURE', 'Photo :', 'Commentaire :', ""MISE EN OEUVRE DES PROTECTIONS D'ÉPISSURE AÉRIENNES"", 'Photo :', 'Commentaire :', 'RACCORDEMENT DES PAIRES DE RESERVE', 'Photo :', 'Commentaire :', ""REALISATION D'EPISSURE <= 224 (ESTHETIQUE)"", 'Photo :', 'Commentaire :', 'RÉPARTITEURS\\/SOUS-RÉPARTITEURS', 'MISE À LA TERRE DES ÉCRANS', 'Photo :', 'Commentaire :', 'MISE À LA TERRE DES TÊTES', 'Photo :', 'Commentaire :', 'PEIGNES TÊTES + FRETTES', 'Photo :', 'Commentaire :', 'POSE \\/ DÉPOSE  COULEUR JRT SUR QUELQUES PAIRES', 'Photo :', 'Commentaire :', 'POSE \\/ DÉPOSE COULEUR JRT TÊTE COMPLÈTE', 'Photo :', 'Commentaire :', 'POSE BOUCHON ETANCHÉITE FOURREAU RE', 'Photo :', 'Commentaire :', 'POSE BOUCHON ETANCHÉITE FOURREAU TÊTE SR', 'Photo :', 'Commentaire :', 'PRESENCE PARASURTENSEURS RE QUELQUES PAIRES', 'Photo :', 'Commentaire :', 'PRESENCE PARASURTENSEURS RE TETE COMPLETE', 'Photo :', 'Commentaire :', 'RACCORDEMENT', 'Photo :', 'Commentaire :', 'PRESSURISATION', ""PROTECTION D'EPISSURES"", 'Photo :', 'Commentaire :', 'RACCORDEMENT', 'CONFORMITÉ MATÉRIEL', 'Photo :', 'Commentaire :', 'CONTINUITÉ ÉLECTRIQUE 448 A 2700 PAIRES (OUVERT, INVERTION, ...)', 'Photo :', 'Commentaire :', 'FIXATION CÂBLE DANS CHAMBRE', 'Photo :', 'Commentaire :', ""MISE EN OEUVRE DES PROTECTIONS D'ÉPISSURE <= 28 PAIRES"", 'Photo :', 'Commentaire :', ""MISE EN OEUVRE DES PROTECTIONS D'ÉPISSURE >= 448 PAIRES"", 'Photo :', 'Commentaire :', ""MISE EN OEUVRE DES PROTECTIONS D'ÉPISSURE 56 A 224 PAIRES"", 'Photo :', 'Commentaire :', ""REALISATION D'EPISSURE >= 448 (ESTHETIQUE)"", 'Photo :', 'Commentaire :', ""SYSTEME DE REPERAGE D'EPISSURE ENTERREE"", 'Photo :', 'Commentaire :', 'BOÎTIERS DE PROTECTION', ""CONTINUITÉ DE L'ÉCRAN"", 'Photo :', 'Commentaire :', 'POSE DE CÂBLES', 'LONGUEUR EN CHAMBRE', 'Photo :', 'Commentaire :', 'OCCUPATION DES ALVÉOLES', 'Photo :', 'Commentaire :', 'SUPPORT \\/ RANGEMENT \\/ ACCROCHAGE', 'Photo :', 'Commentaire :', 'PRESSURISATION', 'BOUCHONS \\/ ALIMENTATION AIR', 'Photo :', 'Commentaire :', 'PRESENCE ET FONCTIONNEMENT DES TRANSDUCTEURS', 'Photo :', 'Commentaire :', 'PRESSION APRES TRAVAUX', 'Photo :', 'Commentaire :', 'Environnement', 'POLLUTION CHIMIQUE', 'Photo :', 'Commentaire :', ""POLLUTION DE L'AIR ET SONORE"", 'Photo :', 'Commentaire :', 'POMPAGE DES EAUX POLLUEES', 'Photo :', 'Commentaire :', 'PROPRETE DU CHANTIER ET DE SON ENVIRONNEMENT', 'Photo :', 'Commentaire :', 'SEPARATION DES DECHETS', 'Photo :', 'Commentaire :', 'SEPARATION SECURISATION DES DECHETS DANGEREUX', 'Photo :', 'Commentaire :', ""BAC DE RÉTENTION + KIT D'ABSORPTIONBAC DE RÉTENTION + KIT D'ABSORPTION"", 'Photo :', 'Commentaire :', 'DETENTION DES DOCUMENTS REGLEMENTAIRES', 'Photo :', 'Commentaire :', 'REMISE EN ETAT DES LIEUX APRES INTERVENTION CLIENT', 'Photo :', 'Commentaire :']",12,https://scn-hub-digital.daxium-air.com/spie-act-telecom/submissions/80163/table
12,75179,spie-act-telecom,Z - INACTIF - SCN – RH – RHI SPIE - Compte 1 v1.1,"['Condition édition = vrai', 'Informations', 'Compte', ""Le compte n'est pas dans cette liste"", 'Libellé', 'Numéro de compte', 'Indice \\/ Commande', 'Récupération numéro de compte', 'Tâche', 'Récupération des données en cours ...', 'Lieu', ""Distance chantier \\/ centre d'embauche (km)"", 'Jours pointés', 'Lundi', 'H Lundi', 'dont H de nuit', 'Astreinte ?', ""le délais de prévenance d'au moins 7 jours a-t-il été respecté ?"", ""Nombre d'heures d'intervention de jour lundi"", ""Nombre d'heures d'intervention de nuit lundi"", 'Mardi', 'H Mardi', 'dont H de nuit', 'Astreinte ?', ""le délais de prévenance d'au moins 7 jours a-t-il été respecté ?"", ""Nombre d'heures d'intervention de jour mardi"", ""Nombre d'heures d'intervention de nuit mardi"", 'Mercredi', 'H Mercredi', 'dont H de nuit', 'Astreinte ?', ""le délais de prévenance d'au moins 7 jours a-t-il été respecté ?"", ""Nombre d'heures d'intervention de jour mercredi"", ""Nombre d'heures d'intervention de nuit mercredi"", 'Jeudi', 'H Jeudi', 'dont H de nuit', 'Astreinte ?', ""le délais de prévenance d'au moins 7 jours a-t-il été respecté ?"", ""Nombre d'heures d'intervention de jour jeudi"", ""Nombre d'heures d'intervention de nuit jeudi"", 'Vendredi', 'H Vendredi', 'dont H de nuit', 'Astreinte ?', ""le délais de prévenance d'au moins 7 jours a-t-il été respecté ?"", ""Nombre d'heures d'intervention de jour vendredi"", ""Nombre d'heures d'intervention de nuit vendredi"", 'Samedi', 'H Samedi', 'dont H de nuit', 'Astreinte ?', ""le délais de prévenance d'au moins 7 jours a-t-il été respecté ?"", ""Nombre d'heures d'intervention de jour samedi"", ""Nombre d'heures d'intervention de nuit samedi"", 'Dimanche', 'H Dimanche', 'dont H de nuit', 'Astreinte ?', ""le délais de prévenance d'au moins 7 jours a-t-il été respecté ?"", ""Nombre d'heures d'intervention de jour dimanche"", ""Nombre d'heures d'intervention de nuit dimanche"", 'TOTAL', 'Total des heures sur le compte pour cette tâche', 'Total des heures de nuit majorées à 35%', 'Total des heures de nuit majorées à 100%', ""jours d'astreinte"", 'jours de nuit', 'sedentaire', 'Horaires Spécifiques', 'Statuts Jours']",295,https://scn-hub-digital.daxium-air.com/spie-act-telecom/submissions/75179/table
13,72514,spie-act-infra,DOSO - RIP - ELAG,"['Condition = true', 'Condition = false', 'Informations générales', 'Personne en charge du relevé', 'User pour calcul', 'Transport \\/ Distribution', 'Localisation du chantier', 'Email destinataire de la notification', 'Zone PM', 'Récupération marché', 'Récupération NRO', 'Récupération SRO', ""Relevé d'élagage"", 'Suivi des travaux', 'Tronçons', 'calcul longueur élagage relevé', 'calcul longueur ébranchage relevé', 'calcul long totale relevé', 'calcul long totale recettes', 'Personne en charge des recettes', 'Entreprise exécutante', ""Y'a-t-il eu des tronçons supplémentaires ?"", 'Tronçons supplémentaires', 'Signature responsable recettes', 'calcul longueur élagage supp recettes', 'calcul longueur élagage recettes', 'Etat workflow', 'Nombre caché workflow']",338,https://scn-hub-digital.daxium-air.com/spie-act-infra/submissions/72514/table
14,80158,spie-act-telecom,DOTE-ORF-VQSE - Client,"['GP PAV', 'GP IM', 'PRO PAV', 'PRO IM', 'Type', 'BRANCHEMENT', 'CONFORMITE CABLE DE BRANCHEMENT', 'Photo :', 'Commentaire :', 'FIXATION CHEMINEMENT ET ESTHETIQUE DU CABLE', 'Photo :', 'Commentaire :', 'FROTTEMENTS CONTACT', 'Photo :', 'Commentaire :', 'GESTION SURLONGUEUR CABLE CLIENT', 'Photo :', 'Commentaire :', 'IDENTIFICATION CABLE CLIENT', 'Photo :', 'Commentaire :', ""MISE EN OEUVRE DE L'ARMEMENT ET DU MATERIEL SUR POTEAUX ET APPUIS COMMUN"", 'Photo :', 'Commentaire :', ""PERCEMENT REBOUCHAGE OBTURATION D'ALVEOLES ET GESTION FOURREAU ADDUCTION CLIENT"", 'Photo :', 'Commentaire :', 'POSE ET FERMETURE GOULOTTE ET GAINE TECHNIQUE', 'Photo :', 'Commentaire :', 'RECHERCHE DE SOLUTION EN CAS DE FOURREAU BOUCHE', 'Photo :', 'Commentaire :', 'TRANSITION AERO-SOUT', 'Photo :', 'Commentaire :', 'VERIFICATION DE LA NON DEPOSE DE CUIVRE', 'Photo :', 'Commentaire :', 'CONCORDANCE TERRAIN & DOCUMENTATION APRES TRAVAUX', 'COMMENTAIRE DE RELEVE', 'Photo :', 'Commentaire :', 'CONFORMITE DU RACCORDEMENT AU SI \\/ MISE A JOUR', 'Photo :', 'Commentaire :', 'DOCUMENTATION ET REMONTE ANOMALIE', 'Photo :', 'Commentaire :', 'PHOTOS CRIOC', 'Photo :', 'Commentaire :', 'CONTROLES RELEVES ALEAS', 'DIAGNOSTIC ETAT DE LA CONDUITE', 'Photo :', 'Commentaire :', 'DOCUMENTATIONS AVANT TRAVAUX', 'Photo :', 'Commentaire :', 'PERTINENCE CLOTURE TSO', 'Photo :', 'Commentaire :', 'DIVERS', 'NON REPERTORIE ENTRE 10€ ET 100€', 'Photo :', 'Commentaire :', 'DOTATION ET MATERIELS', 'DOTATION OUTILLAGE ET APPAREIL DE MESURE', 'Photo :', 'Commentaire :', ""TENUE PROFESSIONNELLE DE L'ENTREPRISE OU PARTENAIRE ORANGE"", 'Photo :', 'Commentaire :', 'ESSAIS ET MESURES', 'ESSAIS \\/ MESURES \\/ STABILITE - GARANTIE DE SERVICE', 'Photo :', 'Commentaire :', 'INSTALLATION CLIENT', 'DIAGNOSTIC ET OPTIMISATION WIFI DANS LES PIECES DESIGNEES PAR LE CLIENT', 'Photo :', 'Commentaire :', 'EMPLACEMENT ET QUALITE DE MISE EN OEUVRE  DTI \\/ DTIO \\/ PTO \\/ TNR \\/ RCI \\/ 12P', 'Photo :', 'Commentaire :', 'ETIQUETAGE DTIO ET PTO', 'Photo :', 'Commentaire :', 'INSTALLATION \\/ REMPLACEMENT PRODUITS ET SERVICES ORANGE', 'Photo :', 'Commentaire :', 'QUALITE DU CABLAGE AU DELA DE LA DTI OU DTIO', 'Photo :', 'Commentaire :', 'RESPECT NORMES DE POSE \\/ PERCEMENTS \\/ DISTANCE REGLEMENTAIRE \\/ REBOUCHAGE', 'Photo :', 'Commentaire :', 'TEST DE SYNCHRO OU PRISE DE PUISSANCE OPTIQUE', 'Photo :', 'Commentaire :', 'PB\\/PC TOUTE CATEGORIE', 'CLIPSAGE CONNECTEUR PRECONNECTORISE', 'Photo :', 'Commentaire :', 'FERMETURE ET FIXATION DU PB\\/PC', 'Photo :', 'Commentaire :', 'GESTION PARCOURS FIBRE RACCORDEE ET REPERAGE', 'Photo :', 'Commentaire :', 'POSITION ET ARRIMAGE CABLE CLIENT', 'Photo :', 'Commentaire :', 'REALISATION EPISSURES SOUDEES', 'Photo :', 'Commentaire :', 'REMISE PROTECTION', 'Photo :', 'Commentaire :', 'RESPECT DES ZONES DE STOCKAGES DE FIBRES EN ATTENTES', 'Photo :', 'Commentaire :', 'PM CLIENT', 'FERMETURE ET OUVERTURE DU PM', 'Photo :', 'Commentaire :', 'PRISE DE PUISSANCE OPTIQUE PM ET CLIPSAGE', 'Photo :', 'Commentaire :', 'RESPECT DE LA COULEUR \\/LONGUEUR\\/PARCOURS DU PIGTAIL OU DU CORDON', 'Photo :', 'Commentaire :', 'RESPECT DEPOSE COMPLETE DES CORDONS', 'Photo :', 'Commentaire :', 'POTEAU ENEDIS', 'PRESENCE DU BANDEAU VERT LORS D UN RACCORDEMENT CLIENT', 'Photo :', 'Commentaire :', 'TRAVERSE DEDIEE FIBRE ET PRESENCE BANDEAU VERT', 'Photo :', 'Commentaire :', 'PROCESSUS ENEDIS', 'APPLICATION DU PROCESSUS', 'Photo :', 'Commentaire :', 'CONSTRUCTION CLIENT', 'Photo :', 'Commentaire :', 'POSE BANDEAU VERT', 'Photo :', 'Commentaire :', 'FACTURATION', 'ERREUR DE FACTURATION À ORANGE', 'Photo :', 'Commentaire :', 'ERREUR DE FACTURATION ENTRE 100 ET 500 €', 'Photo :', 'Commentaire :', 'ERREUR DE FACTURATION ENTRE 500 ET 1000 €', 'Photo :', 'Commentaire :', 'ERREUR FACTURATION < 100 €', 'Photo :', 'Commentaire :', 'ERREUR FACTURATION > 1000 €', 'Photo :', 'Commentaire :', 'ETABLISSEMENT DU CONTRAT DE VENTE A DOMICILE', 'Photo :', 'Commentaire :', 'FACTURATION AU CLIENT', 'Photo :', 'Commentaire :', 'VÉRIFICATION PRÉSENCE DU MATERIEL SUR RELEVÉS DE TRAVAUX', 'Photo :', 'Commentaire :', 'CONFORMITE FACTURATION A ORANGE', 'Photo :', 'Commentaire :', 'RESPECT FACTURATION PLP', 'Photo :', 'Commentaire :', 'Environnement', 'POLLUTION CHIMIQUE', 'Photo :', 'Commentaire :', ""POLLUTION DE L'AIR ET SONORE"", 'Photo :', 'Commentaire :', 'POMPAGE DES EAUX POLLUEES', 'Photo :', 'Commentaire :', 'PROPRETE DU CHANTIER ET DE SON ENVIRONNEMENT', 'Photo :', 'Commentaire :', 'SEPARATION DES DECHETS', 'Photo :', 'Commentaire :', 'SEPARATION SECURISATION DES DECHETS DANGEREUX', 'Photo :', 'Commentaire :', ""BAC DE RÉTENTION + KIT D'ABSORPTIONBAC DE RÉTENTION + KIT D'ABSORPTION"", 'Photo :', 'Commentaire :', 'DETENTION DES DOCUMENTS REGLEMENTAIRES', 'Photo :', 'Commentaire :', 'REMISE EN ETAT DES LIEUX APRES INTERVENTION CLIENT', 'Photo :', 'Commentaire :']",237,https://scn-hub-digital.daxium-air.com/spie-act-telecom/submissions/80158/table
15,80159,spie-act-telecom,DOTE-ORF-VQSE - Entreprise,"['Immeuble', 'Pavillon', 'Type', 'BRANCHEMENT', 'CONFORMITE CABLE DE BRANCHEMENT', 'Photo :', 'Commentaire :', 'FIXATION CHEMINEMENT ET ESTHETIQUE DU CABLE', 'Photo :', 'Commentaire :', 'FROTTEMENTS CONTACT', 'Photo :', 'Commentaire :', 'GESTION SURLONGUEUR CABLE CLIENT', 'Photo :', 'Commentaire :', 'IDENTIFICATION CABLE CLIENT', 'Photo :', 'Commentaire :', ""MISE EN OEUVRE DE L'ARMEMENT ET DU MATERIEL SUR POTEAUX ET APPUIS COMMUN"", 'Photo :', 'Commentaire :', ""PERCEMENT REBOUCHAGE OBTURATION D'ALVEOLES ET GESTION FOURREAU ADDUCTION CLIENT"", 'Photo :', 'Commentaire :', 'POSE ET FERMETURE GOULOTTE ET GAINE TECHNIQUE', 'Photo :', 'Commentaire :', 'RECHERCHE DE SOLUTION EN CAS DE FOURREAU BOUCHE', 'Photo :', 'Commentaire :', 'TRANSITION AERO-SOUT', 'Photo :', 'Commentaire :', 'VERIFICATION DE LA NON DEPOSE DE CUIVRE', 'Photo :', 'Commentaire :', 'CONCORDANCE TERRAIN & DOCUMENTATION APRES TRAVAUX', 'COMMENTAIRE DE RELEVE', 'Photo :', 'Commentaire :', 'CONFORMITE DU RACCORDEMENT AU SI \\/ MISE A JOUR', 'Photo :', 'Commentaire :', 'DOCUMENTATION ET REMONTE ANOMALIE', 'Photo :', 'Commentaire :', 'PHOTOS CRIOC', 'Photo :', 'Commentaire :', 'CONTROLES RELEVES ALEAS', 'DIAGNOSTIC ETAT DE LA CONDUITE', 'Photo :', 'Commentaire :', 'DOCUMENTATIONS AVANT TRAVAUX', 'Photo :', 'Commentaire :', 'PERTINENCE CLOTURE TSO', 'Photo :', 'Commentaire :', 'DIVERS', 'NON REPERTORIE ENTRE 10€ ET 100€', 'Photo :', 'Commentaire :', 'DOTATION ET MATERIELS', 'DOTATION OUTILLAGE ET APPAREIL DE MESURE', 'Photo :', 'Commentaire :', ""TENUE PROFESSIONNELLE DE L'ENTREPRISE OU PARTENAIRE ORANGE"", 'Photo :', 'Commentaire :', 'ESSAIS ET MESURES', 'ESSAIS \\/ MESURES \\/ STABILITE - GARANTIE DE SERVICE', 'Photo :', 'Commentaire :', 'INSTALLATION CLIENT', 'DIAGNOSTIC ET OPTIMISATION WIFI DANS LES PIECES DESIGNEES PAR LE CLIENT', 'Photo :', 'Commentaire :', 'EMPLACEMENT ET QUALITE DE MISE EN OEUVRE  DTI \\/ DTIO \\/ PTO \\/ TNR \\/ RCI \\/ 12P', 'Photo :', 'Commentaire :', 'ETIQUETAGE DTIO ET PTO', 'Photo :', 'Commentaire :', 'INSTALLATION \\/ REMPLACEMENT PRODUITS ET SERVICES ORANGE', 'Photo :', 'Commentaire :', 'QUALITE DU CABLAGE AU DELA DE LA DTI OU DTIO', 'Photo :', 'Commentaire :', 'RESPECT NORMES DE POSE \\/ PERCEMENTS \\/ DISTANCE REGLEMENTAIRE \\/ REBOUCHAGE', 'Photo :', 'Commentaire :', 'TEST DE SYNCHRO OU PRISE DE PUISSANCE OPTIQUE', 'Photo :', 'Commentaire :', 'PB\\/PC TOUTE CATEGORIE', 'CLIPSAGE CONNECTEUR PRECONNECTORISE', 'Photo :', 'Commentaire :', 'FERMETURE ET FIXATION DU PB\\/PC', 'Photo :', 'Commentaire :', 'GESTION PARCOURS FIBRE RACCORDEE ET REPERAGE', 'Photo :', 'Commentaire :', 'POSITION ET ARRIMAGE CABLE CLIENT', 'Photo :', 'Commentaire :', 'REALISATION EPISSURES SOUDEES', 'Photo :', 'Commentaire :', 'REMISE PROTECTION', 'Photo :', 'Commentaire :', 'RESPECT DES ZONES DE STOCKAGES DE FIBRES EN ATTENTES', 'Photo :', 'Commentaire :', 'PM CLIENT', 'FERMETURE ET OUVERTURE DU PM', 'Photo :', 'Commentaire :', 'PRISE DE PUISSANCE OPTIQUE PM ET CLIPSAGE', 'Photo :', 'Commentaire :', 'RESPECT DE LA COULEUR \\/LONGUEUR\\/PARCOURS DU PIGTAIL OU DU CORDON', 'Photo :', 'Commentaire :', 'RESPECT DEPOSE COMPLETE DES CORDONS', 'Photo :', 'Commentaire :', 'POTEAU ENEDIS', 'PRESENCE DU BANDEAU VERT LORS D UN RACCORDEMENT CLIENT', 'Photo :', 'Commentaire :', 'TRAVERSE DEDIEE FIBRE ET PRESENCE BANDEAU VERT', 'Photo :', 'Commentaire :', 'PROCESSUS ENEDIS', 'CONSTRUCTION CLIENT', 'Photo :', 'Commentaire :', 'POSE BANDEAU VERT', 'Photo :', 'Commentaire :', 'FACTURATION', 'ERREUR DE FACTURATION À ORANGE', 'Photo :', 'Commentaire :', 'ERREUR DE FACTURATION ENTRE 100 ET 500 €', 'Photo :', 'Commentaire :', 'ERREUR DE FACTURATION ENTRE 500 ET 1000 €', 'Photo :', 'Commentaire :', 'ERREUR FACTURATION < 100 €', 'Photo :', 'Commentaire :', 'ERREUR FACTURATION > 1000 €', 'Photo :', 'Commentaire :', 'ETABLISSEMENT DU CONTRAT DE VENTE A DOMICILE', 'Photo :', 'Commentaire :', 'FACTURATION AU CLIENT', 'Photo :', 'Commentaire :', 'VÉRIFICATION PRÉSENCE DU MATERIEL SUR RELEVÉS DE TRAVAUX', 'Photo :', 'Commentaire :', 'CONFORMITE FACTURATION A ORANGE', 'Photo :', 'Commentaire :', 'RESPECT FACTURATION PLP', 'Photo :', 'Commentaire :', 'INSTALLATION CLIENT', 'CONFIGURATION ET TESTS DES EQUIPEMENTS DATA ET XOIP', 'Photo :', 'Commentaire :', ""POSE ET RACCORDEMENT EQUIPEMENTS D'ACCES AU SERVICE"", 'Photo :', 'Commentaire :', 'POSE ET RACCORDEMENT ROUTEUR DATA ET XOIP', 'Photo :', 'Commentaire :', 'TEST SANS POSE MODEM', 'Photo :', 'Commentaire :', 'PROCESSUS ENEDIS', 'APPLICATION DU PROCESSUS', 'Photo :', 'Commentaire :', 'Environnement', 'POLLUTION CHIMIQUE', 'Photo :', 'Commentaire :', ""POLLUTION DE L'AIR ET SONORE"", 'Photo :', 'Commentaire :', 'POMPAGE DES EAUX POLLUEES', 'Photo :', 'Commentaire :', 'PROPRETE DU CHANTIER ET DE SON ENVIRONNEMENT', 'Photo :', 'Commentaire :', 'SEPARATION DES DECHETS', 'Photo :', 'Commentaire :', 'SEPARATION SECURISATION DES DECHETS DANGEREUX', 'Photo :', 'Commentaire :', ""BAC DE RÉTENTION + KIT D'ABSORPTIONBAC DE RÉTENTION + KIT D'ABSORPTION"", 'Photo :', 'Commentaire :', 'DETENTION DES DOCUMENTS REGLEMENTAIRES', 'Photo :', 'Commentaire :', 'REMISE EN ETAT DES LIEUX APRES INTERVENTION CLIENT', 'Photo :', 'Commentaire :']",2,https://scn-hub-digital.daxium-air.com/spie-act-telecom/submissions/80159/table
16,78193,spie-act-infra,DOSO - MOY - Carte carburant,"['Carte carburant', 'Qui traite la demande ?', ""Dépôt de la charte d'utilisation de la carte hors parc"", 'Type de demande', 'Motif de la demande', 'Autre', 'Nom du demandeur', 'Immatriculation', 'Service', 'Site', 'Compte véhicule', 'Pièce jointe', 'Observations', 'Compte véhicule', 'Valideur niv1', 'Valideur niv2', 'Motif de refus', 'Motif de refus', 'Motif de refus', 'Date de réalisation de la commande', 'Conducteur intérimaire', 'Nom du conducteur', 'Nom et prénom du conducteur', 'Récupération du nom conducteur', 'Numéro de la carte', 'Nom de la carte', 'Carte remise à', 'Site de livraison', 'Commentaires', 'Date de réception de la commande', ""Date d'expédition de la commande"", 'email demandeur', 'email utilisateur courant', 'email utilisateur 1 er connexion', 'email utilisateur courant demande', 'email utilisateur demandeur', 'email valideur niv1', 'email valideur niv2', 'email utilisateur valideur 1', 'email utilisateur valideur 2', 'Date de création de la demande', ""Date d'envoie de la demande de validation niv1"", 'Date de réponse à la demande de validation niv1', ""Date de l'évaluation"", ""Date d'envoie de la demande de validation niv2"", 'Date de réponse à la demande de validation niv2', 'Date de validation de la réception', 'Date de clôture de la demande', 'passage workflow']",164,https://scn-hub-digital.daxium-air.com/spie-act-infra/submissions/78193/table
17,77733,spie-act-telecom,DOTO - RACCO ABONNES - Demande de consommable-TableauProduit,"['Liste', 'Liste 44', 'Liste 49,53,72', 'Liste 85', 'Qté', 'retour  Magasin', 'référence V2', 'référence old', 'type article']",23578,https://scn-hub-digital.daxium-air.com/spie-act-telecom/submissions/77733/table
